gender,name.title,name.first,name.last,location.street.number,location.street.name,location.city,location.state,location.country,location.postcode,location.coordinates.latitude,location.coordinates.longitude,location.timezone.offset,location.timezone.description,email,login.uuid,login.username,login.password,login.salt,login.md5,login.sha1,login.sha256,dob.date,dob.age,registered.date,registered.age,phone,cell,id.name,id.value,picture.large,picture.medium,picture.thumbnail,nat
male,Mr,Max,Brown,7298,Mill Road,Ely,Isle of Wight,United Kingdom,G67 6LZ,-82.9137,-33.6805,+5:00,"Ekaterinburg, Islamabad, Karachi, Tashkent",max.brown@example.com,a1ab7587-37fb-4826-bf6c-8f0a2150c17f,happyrabbit603,welder,nC9SGky0,cb9f71eb3540b10710f979d7ea2449f6,382d796d13786d195668f4d0b2375bcc575f306c,4fee4085e2f6beba06810f66aed4e01ad48512d9574ee6426306f003f50131f7,1996-11-15T19:11:40.264Z,25,2002-08-23T00:56:57.534Z,19,015394 33885,0774-926-392,NINO,XR 16 47 04 C,https://randomuser.me/api/portraits/men/64.jpg,https://randomuser.me/api/portraits/med/men/64.jpg,https://randomuser.me/api/portraits/thumb/men/64.jpg,GB
female,Ms,Amy,Duncan,5700,Oaks Cross,Nottingham,Tayside,United Kingdom,PB9Y 3HF,32.1423,34.3021,-2:00,Mid-Atlantic,amy.duncan@example.com,b6e71bf5-ad9f-4472-a460-5a8599c437ce,angryleopard826,evil,JHweuI6t,3558b23dcd3fcd9348546d3953fdaa1a,c7f7c773f33c50d4f7d660fffacc1bf90a06de34,cd082132e28d06b7259f85b8f4fffcc6c46ca2dcfd5ceaf1829c8d4a7eecccbe,1983-06-26T07:45:56.315Z,38,2013-04-19T13:06:18.632Z,8,017683 99013,0753-604-375,NINO,ZT 87 90 25 O,https://randomuser.me/api/portraits/women/50.jpg,https://randomuser.me/api/portraits/med/women/50.jpg,https://randomuser.me/api/portraits/thumb/women/50.jpg,GB
female,Mrs,Olivia,Jacobs,2806,Eason Rd,Buffalo,Wisconsin,United States,37368,17.4761,117.7999,-9:00,Alaska,olivia.jacobs@example.com,c1c56cd8-cd11-4436-bd34-cd577136c49f,greenrabbit406,gymnastic,93te7s7K,2b7c024671becc2364f2ee459040e1c5,fdb3b170feb299bd3c6b11f39044b0412d828fc4,365c083e78c05a7a1b971a973a4b29ec0a1eeee251cb211bd3d0de245d728903,1972-06-04T04:23:11.129Z,49,2012-02-22T14:48:35.625Z,9,(744)-806-5276,(362)-464-0500,SSN,723-87-9335,https://randomuser.me/api/portraits/women/84.jpg,https://randomuser.me/api/portraits/med/women/84.jpg,https://randomuser.me/api/portraits/thumb/women/84.jpg,US
male,Mr,Jesus,Reid,7811,Manchester Road,Newcastle upon Tyne,Greater Manchester,United Kingdom,V9 8TY,53.1108,-30.0332,+6:00,"Almaty, Dhaka, Colombo",jesus.reid@example.com,db666bf5-0857-4ef4-bdf0-bf1b18a4a000,goldendog554,monique,K4hjdhbl,8c1c50352ef58944a786fb1958a1aa7f,2ecbb86ea708ec6a80fa646f6e36047231177967,dae1798335659d0119f584754d4de81d483f527fdb65a85dad05760320446f5c,1960-11-01T12:51:55.089Z,61,2017-12-17T23:38:35.418Z,4,015395 87889,0729-657-080,NINO,LT 23 08 80 E,https://randomuser.me/api/portraits/men/55.jpg,https://randomuser.me/api/portraits/med/men/55.jpg,https://randomuser.me/api/portraits/thumb/men/55.jpg,GB
female,Miss,Cherly,Jenkins,444,Lakeshore Rd,Daly City,Montana,United States,37297,67.5793,-78.7897,+7:00,"Bangkok, Hanoi, Jakarta",cherly.jenkins@example.com,5c7f3a5e-3c93-4877-b762-449ca7f447fe,organicelephant863,billbill,vELtcDGP,b54dabe891af46ea6c82893c9ceebd12,d684002a097cc516c812322e88eceb8c0b4713e9,be9cc27947b9a07cd5a633f765640b8db92ca6fa6c9e03f1cf05243fa787b61d,1965-11-27T05:36:17.586Z,56,2013-03-01T01:50:12.021Z,8,(098)-569-6521,(746)-309-3122,SSN,110-85-4917,https://randomuser.me/api/portraits/women/49.jpg,https://randomuser.me/api/portraits/med/women/49.jpg,https://randomuser.me/api/portraits/thumb/women/49.jpg,US
female,Ms,Doris,Chambers,3303,Elgin St,Lowell,Wyoming,United States,97816,45.5902,151.1563,+5:30,"Bombay, Calcutta, Madras, New Delhi",doris.chambers@example.com,78fcad3b-e1f1-446d-a2a7-c0710c13f698,beautifulfrog183,darren,roS7VYbG,266df12d0a23f1fc79a17943c58ea1b4,6eb2d028c0b180db76819bf82579ee5fe5a5fe22,2b99d3c955dd81077edb85759b9e4860bfb8ed2ac6855caf5acd6ecbb063846b,1976-06-12T16:46:59.450Z,45,2004-06-05T11:06:11.247Z,17,(906)-223-0576,(205)-650-4300,SSN,500-69-2796,https://randomuser.me/api/portraits/women/24.jpg,https://randomuser.me/api/portraits/med/women/24.jpg,https://randomuser.me/api/portraits/thumb/women/24.jpg,US
male,Mr,Ted,Rivera,5903,Chester Road,Manchester,Berkshire,United Kingdom,NN9V 9UD,20.4962,137.6888,-4:00,"Atlantic Time (Canada), Caracas, La Paz",ted.rivera@example.com,9985158e-4508-4cba-8c83-6a7cc1796576,blackzebra771,giants,9XJK6Hlp,5df1b90cba62be6148c8124902312622,98cf2cfbac65998e07c4149525251c1bf5044cad,953c0c76fcbac52c345535517b8067858fd18987ceb861ccfc35f239af4e89a3,1951-01-26T04:39:24.276Z,70,2004-12-25T21:45:11.365Z,17,013873 54435,0741-078-482,NINO,NR 00 61 70 T,https://randomuser.me/api/portraits/men/6.jpg,https://randomuser.me/api/portraits/med/men/6.jpg,https://randomuser.me/api/portraits/thumb/men/6.jpg,GB
female,Mrs,Asuncion,Diez,9458,Calle de Pedro Bosch,Lorca,Aragón,Spain,54197,70.7906,-14.9357,+7:00,"Bangkok, Hanoi, Jakarta",asuncion.diez@example.com,64d16c9c-118f-432f-a845-8370238138b8,lazybutterfly294,ginger1,tiacgHKS,6e8bb444f71a7f6c4a64fe19127b28cc,1417f236531e2b09ac781a9a5064aacc489e5cc1,245ddf661644c619ed7239f7778a8511f9b77b9aad7ca66b22f6b3b819bcd814,1954-05-09T04:22:01.443Z,67,2017-11-18T03:38:40.978Z,4,907-088-601,611-410-994,DNI,87386867-O,https://randomuser.me/api/portraits/women/87.jpg,https://randomuser.me/api/portraits/med/women/87.jpg,https://randomuser.me/api/portraits/thumb/women/87.jpg,ES
male,Mr,Julio,Marquez,2867,Avenida de América,La Palma,La Rioja,Spain,56559,80.8990,-78.8658,+8:00,"Beijing, Perth, Singapore, Hong Kong",julio.marquez@example.com,6d004170-a1c3-42b9-92f8-038ca9718aee,heavybear383,515151,gUE83Xgg,285c9f6ba7a3a7f7052974492a68a99a,97b7122b6dc6e9539d54784b9c17d9cf788b8933,4d45eb4eb6e6f3f009c29efe0c939f9bb6570b476f33a5fc3848f96cb5559264,1986-03-10T22:03:30.879Z,35,2018-12-13T08:48:36.989Z,3,950-550-837,679-055-257,DNI,53595650-F,https://randomuser.me/api/portraits/men/29.jpg,https://randomuser.me/api/portraits/med/men/29.jpg,https://randomuser.me/api/portraits/thumb/men/29.jpg,ES
female,Ms,Emilia,Diez,636,Calle de Segovia,Torrente,Extremadura,Spain,51658,82.0616,-168.1076,+10:00,"Eastern Australia, Guam, Vladivostok",emilia.diez@example.com,2596f21e-3541-472c-bd6b-a8fd244c85a0,whitepanda199,deejay,lbdwSDQh,1b979470b583c293356ea65d1789458b,817beabd63391420f1a6f1fbb9b280404077a8ff,70c600897ad320570577cfbffb76ab5a08ebabdfc7422622a6b96168d1a41922,1961-07-05T13:00:37.705Z,60,2014-01-23T01:52:41.847Z,7,995-779-259,643-910-890,DNI,60210059-F,https://randomuser.me/api/portraits/women/88.jpg,https://randomuser.me/api/portraits/med/women/88.jpg,https://randomuser.me/api/portraits/thumb/women/88.jpg,ES
male,Mr,Miguel,Oliver,7820,Park Avenue,Cardiff,West Midlands,United Kingdom,EC9 1BR,-16.0990,-47.2816,+9:30,"Adelaide, Darwin",miguel.oliver@example.com,c9cc8df7-9aad-4398-8e65-83fdba290ff6,sadbear573,deacon,bKcNseqY,e357b282424c2029539823618e36f700,7afef9b1fb1b41f96223aafd5ebee9d885ee3381,f1edaa7bc910eb322359da21e7f688fe85b227cb590d85e5c2712ca79dad3186,1971-06-02T01:55:11.140Z,50,2004-03-22T23:05:05.973Z,17,023 5463 9146,0760-991-381,NINO,ZS 56 39 64 Y,https://randomuser.me/api/portraits/men/18.jpg,https://randomuser.me/api/portraits/med/men/18.jpg,https://randomuser.me/api/portraits/thumb/men/18.jpg,GB
male,Mr,Julio,Reyes,3594,Avenida de Burgos,Elche,Extremadura,Spain,46120,-29.4490,-106.1068,+5:30,"Bombay, Calcutta, Madras, New Delhi",julio.reyes@example.com,fe624ecf-cece-4039-98fb-782431f4fe41,angryzebra264,albert,1e6dYBjt,b7757091291b95eae8559daf3e0c0ca1,e9f79fa59c062c0bf281d7e47009963352ef0e42,e3ff7662c53e8b851c921b4e32272ea2e0401f8816457789eb7a5a2413016dc2,1948-04-14T03:16:08.852Z,73,2016-03-02T08:16:53.732Z,5,906-611-622,602-895-824,DNI,43486201-V,https://randomuser.me/api/portraits/men/42.jpg,https://randomuser.me/api/portraits/med/men/42.jpg,https://randomuser.me/api/portraits/thumb/men/42.jpg,ES
female,Mrs,Ella,Williamson,440,Victoria Street,Stevenage,Wiltshire,United Kingdom,WO7H 2BR,80.2575,-72.1471,-5:00,"Eastern Time (US & Canada), Bogota, Lima",ella.williamson@example.com,f966c589-dc77-4e0a-93ba-4a46a60811b4,goldenrabbit610,gregory,XDaR4AvU,140f14ec254d27d34034f68713a5aacb,b01fe34e82792f950088e157d78c253a362d9a15,a1c8a2e668d2b54b611c192f61edc44933feaa0b804fdfadf0537683310c9936,1988-05-10T08:27:39.786Z,33,2009-05-15T00:13:19.313Z,12,016973 27728,0770-071-836,NINO,SH 57 16 41 D,https://randomuser.me/api/portraits/women/85.jpg,https://randomuser.me/api/portraits/med/women/85.jpg,https://randomuser.me/api/portraits/thumb/women/85.jpg,GB
male,Mr,Esteban,Castillo,2038,Calle de Téllez,Mérida,Comunidad de Madrid,Spain,73901,-18.1005,122.5175,-3:00,"Brazil, Buenos Aires, Georgetown",esteban.castillo@example.com,be559377-bcc6-4862-9e12-010295284e8e,silvergorilla341,dingo,peowpFFN,4c483b81e45533450adb1ee439155b49,e1d4f22c8296bcef159857de986ff091d0ec3683,b0cfca6caa3faa1be77cb0364c926f3f0367a6c4e5267af935401bdf49b2e746,1955-07-22T21:39:58.038Z,66,2009-06-17T09:37:12.876Z,12,921-514-455,622-154-712,DNI,26948531-M,https://randomuser.me/api/portraits/men/96.jpg,https://randomuser.me/api/portraits/med/men/96.jpg,https://randomuser.me/api/portraits/thumb/men/96.jpg,ES
female,Miss,Monica,Molina,5585,Calle Mota,Ferrol,La Rioja,Spain,56628,6.6724,134.0646,+5:00,"Ekaterinburg, Islamabad, Karachi, Tashkent",monica.molina@example.com,4e093bf1-ec2e-4400-87f6-e1902185758c,whitebear779,fishhead,tRkNquTj,8dde869b7c8c270ac88c0de486fdbbf8,fe57e146649e0022cb0d70cf3b548b631d13a656,4c4a8aa96a42b690a8a68aceafeb3a7e3a46d9d2969d394a6605d4410477ce60,1962-12-12T06:41:57.318Z,59,2019-03-20T03:54:40.690Z,2,926-103-651,621-334-867,DNI,43999358-V,https://randomuser.me/api/portraits/women/23.jpg,https://randomuser.me/api/portraits/med/women/23.jpg,https://randomuser.me/api/portraits/thumb/women/23.jpg,ES
female,Miss,Monica,Ortega,4217,Paseo de Extremadura,Torrente,Comunidad Valenciana,Spain,85812,69.2027,53.7256,-8:00,Pacific Time (US & Canada),monica.ortega@example.com,d8adcc94-56a4-4f81-9cdd-ee41567b3672,tinyfrog394,carver,dvOGoqcr,55ee8e07031f97e0d8684832e3d75fef,633865790d2a1b2276a123fb3f67604c21931149,472b3781fa7a81ebb7ea28a90c50ef3dfad58b456b872bc401e1decdd50b0a59,1991-02-11T14:33:08.658Z,30,2013-08-12T06:46:05.060Z,8,966-725-775,665-576-110,DNI,05228778-H,https://randomuser.me/api/portraits/women/41.jpg,https://randomuser.me/api/portraits/med/women/41.jpg,https://randomuser.me/api/portraits/thumb/women/41.jpg,ES
male,Mr,Antonio,Nuñez,442,Calle de Tetuán,Córdoba,Cataluña,Spain,56494,48.1394,-167.2320,+5:30,"Bombay, Calcutta, Madras, New Delhi",antonio.nunez@example.com,0e66d568-7997-42f4-939f-96424104eba6,orangefrog474,shovel,0pvPCHmY,200df85383bf76c4b4288c62eb413467,bb32682bf35dcb31fb264ad4a55016f9a647e6e6,03718c916e81a5e3d734137362a22ab3270284ea04ff55770338af9809a54034,1996-01-15T04:54:20.358Z,25,2016-10-30T03:14:01.961Z,5,982-570-562,661-314-875,DNI,03583302-C,https://randomuser.me/api/portraits/men/91.jpg,https://randomuser.me/api/portraits/med/men/91.jpg,https://randomuser.me/api/portraits/thumb/men/91.jpg,ES
female,Miss,Maddison,Richards,1340,The Avenue,Stirling,East Sussex,United Kingdom,RC6R 3YP,73.9202,-92.7079,+3:00,"Baghdad, Riyadh, Moscow, St. Petersburg",maddison.richards@example.com,31d4f337-4ea9-4c1d-8dee-becabe10dfe7,heavycat524,samm,tuKCCOxW,1de968b5632a86b388849e36c0d12149,939084a4bc1f5305ecc717d05d0002c37fdc3d16,982c7a9b2bc993c6e34b0e9b8c3ef3c738c45bf6b8868db3e67b588663d12ab5,1958-06-12T07:24:20.639Z,63,2004-07-16T09:49:04.447Z,17,017687 59731,0718-761-106,NINO,JE 47 22 66 A,https://randomuser.me/api/portraits/women/12.jpg,https://randomuser.me/api/portraits/med/women/12.jpg,https://randomuser.me/api/portraits/thumb/women/12.jpg,GB
female,Miss,Jenny,Coleman,9087,Stanley Road,Hereford,South Yorkshire,United Kingdom,K0S 2TN,89.7549,-118.3092,+5:30,"Bombay, Calcutta, Madras, New Delhi",jenny.coleman@example.com,365fc71c-7583-4533-9dc0-406c451dd02a,bluepeacock822,chair,0Eti3CNN,81726165b655bad12dd77de2c939d20d,08e85cf0df85ad03fa8e4094b631eb3f8b77f01d,7b4d2792462cbc80f4da793ab59023140e001a08aedf76c579321730067481a9,1990-10-06T01:42:41.416Z,31,2015-09-04T22:55:50.681Z,6,016977 4933,0772-201-068,NINO,GN 68 20 84 S,https://randomuser.me/api/portraits/women/43.jpg,https://randomuser.me/api/portraits/med/women/43.jpg,https://randomuser.me/api/portraits/thumb/women/43.jpg,GB
female,Miss,Lucia,Gonzalez,1067,Calle de Alcalá,Sevilla,Región de Murcia,Spain,32658,59.2009,-113.5125,-9:00,Alaska,lucia.gonzalez@example.com,71d06384-5795-4078-a293-d6980fd8afa9,silvermeercat523,reddevil,ulbaHpoI,bcd370dd7f35da25bcc29bfcfcacdcce,458385ca812728026522447a259f899713da5a65,6b428a20b5cfe517994b6bc22c61fa6189dbe94865d522e038417c36eddf0f55,1965-05-21T16:51:29.097Z,56,2003-05-19T00:17:58.037Z,18,995-402-879,643-301-258,DNI,13568233-I,https://randomuser.me/api/portraits/women/85.jpg,https://randomuser.me/api/portraits/med/women/85.jpg,https://randomuser.me/api/portraits/thumb/women/85.jpg,ES
female,Ms,Esperanza,Castro,195,Avenida de La Albufera,Valladolid,Islas Baleares,Spain,25151,-41.7795,-124.8754,-1:00,"Azores, Cape Verde Islands",esperanza.castro@example.com,b6960f51-4313-41d9-be1b-8842db548ff4,yellowelephant683,blake1,MSzSqrg7,0da40669d8f3f57b8604fcb36600d365,8ae6e65124510bcaa1eaf0add92e2811d2847650,cb5f6e03861df44b3bee719c448b39ced1bdf2b153e38a67aba95760e434bdad,1959-05-20T02:37:34.473Z,62,2016-09-07T14:36:24.860Z,5,941-690-762,641-478-710,DNI,19249259-M,https://randomuser.me/api/portraits/women/0.jpg,https://randomuser.me/api/portraits/med/women/0.jpg,https://randomuser.me/api/portraits/thumb/women/0.jpg,ES
male,Mr,Lucas,Cole,5742,Karen Dr,Downey,North Carolina,United States,16701,-47.2387,76.1061,+10:00,"Eastern Australia, Guam, Vladivostok",lucas.cole@example.com,fcd08415-1923-4f19-8360-8ca309b91750,sadfish378,calgary,dZx1IWw5,96ef622c7c1a059ca0afcdf3cbc601a5,f5cb32b625dbef3422cb0374480c23e7254e3dd6,dd55b88ba185fb9f36198b041f6eef017f56c2bc3f8d6cf0943ec4fa743bd7af,1946-01-12T19:00:07.117Z,75,2006-06-10T05:57:43.115Z,15,(342)-293-9097,(298)-214-4135,SSN,352-20-3456,https://randomuser.me/api/portraits/men/43.jpg,https://randomuser.me/api/portraits/med/men/43.jpg,https://randomuser.me/api/portraits/thumb/men/43.jpg,US
male,Mr,Ricardo,Roman,837,Calle de Pedro Bosch,Elche,Islas Baleares,Spain,25572,-88.3945,35.2216,-4:00,"Atlantic Time (Canada), Caracas, La Paz",ricardo.roman@example.com,00ae4cfa-14ec-4491-80ff-c99e82362fb1,blackkoala696,ddddddd,qq44QhDY,29a972dbfa80cc56cf983f6fa04cd81c,f99dbe98e759e6c357909cb5edb269e35d0530e5,4b2dd0126a14782e07c88797d115158ff95bff03aeceab4425b4b905be9bc8fd,1981-03-31T23:32:09.025Z,40,2002-07-05T05:58:28.513Z,19,936-460-376,667-274-817,DNI,11429413-L,https://randomuser.me/api/portraits/men/9.jpg,https://randomuser.me/api/portraits/med/men/9.jpg,https://randomuser.me/api/portraits/thumb/men/9.jpg,ES
male,Mr,Eric,Ryan,8198,Avondale Ave,Altoona,Kentucky,United States,61514,-61.5645,-155.7092,+4:00,"Abu Dhabi, Muscat, Baku, Tbilisi",eric.ryan@example.com,9a440a60-471c-4b5d-849b-7a41d3f5a717,heavyzebra531,bobbob,VXou17ee,3ada7ae81c11341e3e78f76078ac5ff0,addc373bbd562b6e3acb7c2a02484595158c153d,45ef24b82d7a1bdd0722a6a6e5428a70fcf96a28f54755d9d0eef3d5e87442f5,1945-11-27T03:22:26.351Z,76,2013-10-06T21:17:50.947Z,8,(685)-895-4206,(640)-040-3509,SSN,325-47-2409,https://randomuser.me/api/portraits/men/29.jpg,https://randomuser.me/api/portraits/med/men/29.jpg,https://randomuser.me/api/portraits/thumb/men/29.jpg,US
male,Mr,Francis,Carr,4589,North Street,Lichfield,Durham,United Kingdom,WL1 3BD,-22.2342,126.5264,+5:00,"Ekaterinburg, Islamabad, Karachi, Tashkent",francis.carr@example.com,12497658-182b-485b-98cf-4f3511cf7727,whitepanda573,weekend,OKaGXVvq,2a62ba5f562a7535bacfcbf449cb08b4,b5dc96c4d777a2324f692cd0cca297b5b1dd7d9e,a753e092e19c83a35fcf8ba7ddfbc7c12d931b5eccf6368e2bf93260d8aeec9a,1989-06-11T02:35:35.799Z,32,2007-11-27T12:19:03.973Z,14,015396 82140,0703-311-744,NINO,EN 58 58 38 T,https://randomuser.me/api/portraits/men/50.jpg,https://randomuser.me/api/portraits/med/men/50.jpg,https://randomuser.me/api/portraits/thumb/men/50.jpg,GB